{"info":{"year":"2024","version":"4","description":"Exported from roboflow.com","contributor":"","url":"https://public.roboflow.com/object-detection/undefined","date_created":"2024-05-01T01:23:17+00:00"},"licenses":[{"id":1,"url":"https://creativecommons.org/licenses/by/4.0/","name":"CC BY 4.0"}],"categories":[{"id":0,"name":"dice","supercategory":"none"},{"id":1,"name":"1","supercategory":"dice"},{"id":2,"name":"2","supercategory":"dice"},{"id":3,"name":"3","supercategory":"dice"},{"id":4,"name":"4","supercategory":"dice"},{"id":5,"name":"5","supercategory":"dice"},{"id":6,"name":"6","supercategory":"dice"}],"images":[{"id":0,"license":1,"file_name":"IMG20240205095859_jpg.rf.20227bc0d4ba33649293ee3c22fb8f69.jpg","height":640,"width":640,"date_captured":"2024-05-01T01:23:17+00:00"},{"id":1,"license":1,"file_name":"IMG20240205134505_jpg.rf.12e57bffecc2b668344a282152731923.jpg","height":640,"width":640,"date_captured":"2024-05-01T01:23:17+00:00"},{"id":2,"license":1,"file_name":"IMG20240205095106_jpg.rf.27e44cda11eb54b880b4d3ba9956ce7b.jpg","height":640,"width":640,"date_captured":"2024-05-01T01:23:17+00:00"},{"id":3,"license":1,"file_name":"IMG20240205134503_jpg.rf.0a9b35a8ad624a9b036074e25042ff2b.jpg","height":640,"width":640,"date_captured":"2024-05-01T01:23:17+00:00"},{"id":4,"license":1,"file_name":"IMG20240205134442_jpg.rf.16d870cfc7d1232652b5b4cd3a719b31.jpg","height":640,"width":640,"date_captured":"2024-05-01T01:23:17+00:00"},{"id":5,"license":1,"file_name":"IMG20240205095931_jpg.rf.12e14a0fb640c60bd9c401a76029316c.jpg","height":640,"width":640,"date_captured":"2024-05-01T01:23:17+00:00"},{"id":6,"license":1,"file_name":"IMG20240205095833_jpg.rf.07e643c4dcd3041a957168c0c6d72771.jpg","height":640,"width":640,"date_captured":"2024-05-01T01:23:17+00:00"},{"id":7,"license":1,"file_name":"IMG20240205134514_jpg.rf.075ee0069e8580b9ccedfb10e1085367.jpg","height":640,"width":640,"date_captured":"2024-05-01T01:23:17+00:00"},{"id":8,"license":1,"file_name":"IMG20240205133044_jpg.rf.0a6c4a2d6dce5bf0a310def4b012efc2.jpg","height":640,"width":640,"date_captured":"2024-05-01T01:23:17+00:00"},{"id":9,"license":1,"file_name":"IMG20240205100043_jpg.rf.0fcf936e4a16aef815dfed1dcc18fafc.jpg","height":640,"width":640,"date_captured":"2024-05-01T01:23:17+00:00"},{"id":10,"license":1,"file_name":"IMG20240205125400_jpg.rf.1eaddd4309cc6fac7194f0b79587029b.jpg","height":640,"width":640,"date_captured":"2024-05-01T01:23:17+00:00"},{"id":11,"license":1,"file_name":"IMG20240205131415_jpg.rf.112d31e5b76aed3aaa9ee4f9880767b7.jpg","height":640,"width":640,"date_captured":"2024-05-01T01:23:17+00:00"},{"id":12,"license":1,"file_name":"IMG20240205134449_jpg.rf.27014568e0df810f37a1b6df5f8b3ea0.jpg","height":640,"width":640,"date_captured":"2024-05-01T01:23:17+00:00"},{"id":13,"license":1,"file_name":"IMG20240205100105_jpg.rf.2a1108a8dd6ae92479a7383e08272e7c.jpg","height":640,"width":640,"date_captured":"2024-05-01T01:23:17+00:00"},{"id":14,"license":1,"file_name":"IMG20240205131520_jpg.rf.04c0c5bd9de9b167f876bd3680476969.jpg","height":640,"width":640,"date_captured":"2024-05-01T01:23:17+00:00"},{"id":15,"license":1,"file_name":"IMG20240205095033_jpg.rf.07d264f22da740536486f696a0adb183.jpg","height":640,"width":640,"date_captured":"2024-05-01T01:23:17+00:00"},{"id":16,"license":1,"file_name":"IMG20240205133024_jpg.rf.2d99abf3bd2eaf84f626ca2cb6c66418.jpg","height":640,"width":640,"date_captured":"2024-05-01T01:23:17+00:00"},{"id":17,"license":1,"file_name":"IMG20240205095951_jpg.rf.2fb9673886db0f296bfbdb1cdf6269da.jpg","height":640,"width":640,"date_captured":"2024-05-01T01:23:17+00:00"},{"id":18,"license":1,"file_name":"IMG20240205100123_jpg.rf.2a805e1f2c5dbcc5f177e40727f8fcf4.jpg","height":640,"width":640,"date_captured":"2024-05-01T01:23:17+00:00"},{"id":19,"license":1,"file_name":"IMG20240205133034_jpg.rf.3e9a3f3a4b87dbad6dabb7e0af1b3a3a.jpg","height":640,"width":640,"date_captured":"2024-05-01T01:23:17+00:00"},{"id":20,"license":1,"file_name":"IMG20240205125335_jpg.rf.3d675294ecd63d129a07595064f6cdd2.jpg","height":640,"width":640,"date_captured":"2024-05-01T01:23:17+00:00"},{"id":21,"license":1,"file_name":"IMG20240205100113_01_jpg.rf.58e880dfb94f64ffcb8d95909b4e2809.jpg","height":640,"width":640,"date_captured":"2024-05-01T01:23:17+00:00"},{"id":22,"license":1,"file_name":"IMG20240205131424_jpg.rf.2b4cbc8f42b032230c6aa95a0b5b7d39.jpg","height":640,"width":640,"date_captured":"2024-05-01T01:23:17+00:00"},{"id":23,"license":1,"file_name":"IMG20240205095027_jpg.rf.46b1447ccbcf9f15787ef2dd1399bbe9.jpg","height":640,"width":640,"date_captured":"2024-05-01T01:23:17+00:00"},{"id":24,"license":1,"file_name":"IMG20240205134342_jpg.rf.4ba5332fd5267706c822509962a31569.jpg","height":640,"width":640,"date_captured":"2024-05-01T01:23:17+00:00"},{"id":25,"license":1,"file_name":"IMG20240205131434_jpg.rf.65d6294261e8076b56e047bb0b2de32b.jpg","height":640,"width":640,"date_captured":"2024-05-01T01:23:17+00:00"},{"id":26,"license":1,"file_name":"IMG20240205094806_jpg.rf.69a01de31cdb69cf6f21b24b98c8c96e.jpg","height":640,"width":640,"date_captured":"2024-05-01T01:23:17+00:00"},{"id":27,"license":1,"file_name":"IMG20240205133058_jpg.rf.5dd72cb86803ee37a1abc90e82680a15.jpg","height":640,"width":640,"date_captured":"2024-05-01T01:23:17+00:00"},{"id":28,"license":1,"file_name":"IMG20240205133112_jpg.rf.711302a37a2159675a01c8a054728d33.jpg","height":640,"width":640,"date_captured":"2024-05-01T01:23:17+00:00"},{"id":29,"license":1,"file_name":"IMG20240205100041_jpg.rf.5a0fe65ecf17464a9547c79b4cf2981b.jpg","height":640,"width":640,"date_captured":"2024-05-01T01:23:17+00:00"},{"id":30,"license":1,"file_name":"IMG20240205095917_jpg.rf.5ce8e168d5f9937c476b8fca0558f315.jpg","height":640,"width":640,"date_captured":"2024-05-01T01:23:17+00:00"},{"id":31,"license":1,"file_name":"IMG20240205133055_jpg.rf.7f84d3f3fd5f167575a23b36c700920e.jpg","height":640,"width":640,"date_captured":"2024-05-01T01:23:17+00:00"},{"id":32,"license":1,"file_name":"IMG20240205095109_jpg.rf.8f01bfae2ccde2caf30679d3fb76625b.jpg","height":640,"width":640,"date_captured":"2024-05-01T01:23:17+00:00"},{"id":33,"license":1,"file_name":"IMG20240205134438_jpg.rf.7d854fa82d87405d1d8eeb7d05c1abd6.jpg","height":640,"width":640,"date_captured":"2024-05-01T01:23:17+00:00"},{"id":34,"license":1,"file_name":"IMG20240205131502_jpg.rf.92b4fe054a255713c51f5884c60cf4a8.jpg","height":640,"width":640,"date_captured":"2024-05-01T01:23:17+00:00"},{"id":35,"license":1,"file_name":"IMG20240205125301_jpg.rf.69b869971fd6d02cd90ac4c76e565e5a.jpg","height":640,"width":640,"date_captured":"2024-05-01T01:23:17+00:00"},{"id":36,"license":1,"file_name":"IMG20240205095025_jpg.rf.98f3d2e2e1f16a7ac83412404d25cfd2.jpg","height":640,"width":640,"date_captured":"2024-05-01T01:23:17+00:00"},{"id":37,"license":1,"file_name":"IMG20240205134435_jpg.rf.a0858e488431056190e1024c22c20697.jpg","height":640,"width":640,"date_captured":"2024-05-01T01:23:17+00:00"},{"id":38,"license":1,"file_name":"IMG20240205095120_jpg.rf.be6f86ffc80a582a9dc546f50fb816f1.jpg","height":640,"width":640,"date_captured":"2024-05-01T01:23:17+00:00"},{"id":39,"license":1,"file_name":"IMG20240205094654_jpg.rf.9df4e090b35790c771464e5c83993124.jpg","height":640,"width":640,"date_captured":"2024-05-01T01:23:17+00:00"},{"id":40,"license":1,"file_name":"IMG20240205095132_jpg.rf.9e4232aae0c62d9b9f8bb800ad917f9a.jpg","height":640,"width":640,"date_captured":"2024-05-01T01:23:17+00:00"},{"id":41,"license":1,"file_name":"IMG20240205131612_jpg.rf.75b5f3d560153d2a3411c2804e809819.jpg","height":640,"width":640,"date_captured":"2024-05-01T01:23:17+00:00"},{"id":42,"license":1,"file_name":"IMG20240205131549_jpg.rf.a127c4e62bd774fb7a2241ff5b550afd.jpg","height":640,"width":640,"date_captured":"2024-05-01T01:23:17+00:00"},{"id":43,"license":1,"file_name":"IMG20240205100044_jpg.rf.a855072f6864e28782e3f32e1b738179.jpg","height":640,"width":640,"date_captured":"2024-05-01T01:23:17+00:00"},{"id":44,"license":1,"file_name":"IMG20240205133037_jpg.rf.aea4461aa6ceaa16af5dd6bf2fc5e376.jpg","height":640,"width":640,"date_captured":"2024-05-01T01:23:17+00:00"},{"id":45,"license":1,"file_name":"IMG20240205133120_jpg.rf.a4a53608bd4909b55292946267237d17.jpg","height":640,"width":640,"date_captured":"2024-05-01T01:23:17+00:00"},{"id":46,"license":1,"file_name":"IMG20240205095900_jpg.rf.cce6924a88751c64c32a067e7dbe54db.jpg","height":640,"width":640,"date_captured":"2024-05-01T01:23:17+00:00"},{"id":47,"license":1,"file_name":"IMG20240205095034_jpg.rf.9dfbf01b3f3de91723236d1550e4d99b.jpg","height":640,"width":640,"date_captured":"2024-05-01T01:23:17+00:00"},{"id":48,"license":1,"file_name":"IMG20240205123756_jpg.rf.cd524e149551c5cb51d8631731ca6d6a.jpg","height":640,"width":640,"date_captured":"2024-05-01T01:23:17+00:00"},{"id":49,"license":1,"file_name":"IMG20240205095904_01_jpg.rf.c0fd4a65411c3ebff114588d7ae2a604.jpg","height":640,"width":640,"date_captured":"2024-05-01T01:23:17+00:00"},{"id":50,"license":1,"file_name":"IMG20240205125305_jpg.rf.c8d654ff6e496acdbd82cac5f5098547.jpg","height":640,"width":640,"date_captured":"2024-05-01T01:23:17+00:00"},{"id":51,"license":1,"file_name":"IMG20240205134403_jpg.rf.abc2f214c15d510b25482fe25c5f93de.jpg","height":640,"width":640,"date_captured":"2024-05-01T01:23:17+00:00"},{"id":52,"license":1,"file_name":"IMG20240205100122_jpg.rf.bf5b6292379d47618860af6790650a07.jpg","height":640,"width":640,"date_captured":"2024-05-01T01:23:17+00:00"},{"id":53,"license":1,"file_name":"IMG20240205131525_jpg.rf.d60c1bddd440ae43d5b285899a7163a7.jpg","height":640,"width":640,"date_captured":"2024-05-01T01:23:17+00:00"},{"id":54,"license":1,"file_name":"IMG20240205094800_jpg.rf.d87defa042fceb619ebf089a34603ea6.jpg","height":640,"width":640,"date_captured":"2024-05-01T01:23:17+00:00"},{"id":55,"license":1,"file_name":"IMG20240205095046_jpg.rf.d044e4a1ec7036a336569e1a32c2c2c7.jpg","height":640,"width":640,"date_captured":"2024-05-01T01:23:17+00:00"},{"id":56,"license":1,"file_name":"IMG20240205125303_jpg.rf.d88a9bba1097233c08e48cf97c5b9f78.jpg","height":640,"width":640,"date_captured":"2024-05-01T01:23:17+00:00"},{"id":57,"license":1,"file_name":"IMG20240205123745_jpg.rf.d7080b323ca0181477932d99ce5e4703.jpg","height":640,"width":640,"date_captured":"2024-05-01T01:23:17+00:00"},{"id":58,"license":1,"file_name":"IMG20240205134352_jpg.rf.df77e35bda493825d759b712b0c6d05f.jpg","height":640,"width":640,"date_captured":"2024-05-01T01:23:17+00:00"},{"id":59,"license":1,"file_name":"IMG20240205095121_jpg.rf.e1f30114dece00c94d5291f9ac3049aa.jpg","height":640,"width":640,"date_captured":"2024-05-01T01:23:17+00:00"},{"id":60,"license":1,"file_name":"IMG20240205094702_jpg.rf.e10e20fb4f466f335ee6d513ea76b1d7.jpg","height":640,"width":640,"date_captured":"2024-05-01T01:23:17+00:00"},{"id":61,"license":1,"file_name":"IMG20240205100106_jpg.rf.e479e231ad692c64dcdf6e1a6e90404b.jpg","height":640,"width":640,"date_captured":"2024-05-01T01:23:17+00:00"},{"id":62,"license":1,"file_name":"IMG20240205123749_jpg.rf.e5beebec317ad4909c2c2b98b4a66579.jpg","height":640,"width":640,"date_captured":"2024-05-01T01:23:17+00:00"},{"id":63,"license":1,"file_name":"IMG20240205095118_jpg.rf.de50e1e138e035610961b27b7b8b9500.jpg","height":640,"width":640,"date_captured":"2024-05-01T01:23:17+00:00"},{"id":64,"license":1,"file_name":"IMG20240205095918_jpg.rf.e90c8928bc2d90ec43827b51cefd11c5.jpg","height":640,"width":640,"date_captured":"2024-05-01T01:23:17+00:00"},{"id":65,"license":1,"file_name":"IMG20240205134446_jpg.rf.e9717b8bfcb1bb64f1c8a284330ab1b1.jpg","height":640,"width":640,"date_captured":"2024-05-01T01:23:17+00:00"},{"id":66,"license":1,"file_name":"IMG20240205133050_jpg.rf.eb5a3f80dfd9a6d5b41b846063d137d2.jpg","height":640,"width":640,"date_captured":"2024-05-01T01:23:17+00:00"},{"id":67,"license":1,"file_name":"IMG20240205134402_jpg.rf.e934eb2d4d8677bb01158883e92ef14d.jpg","height":640,"width":640,"date_captured":"2024-05-01T01:23:17+00:00"},{"id":68,"license":1,"file_name":"IMG20240205100129_jpg.rf.f9fcfc736a681d625a72b09274e50742.jpg","height":640,"width":640,"date_captured":"2024-05-01T01:23:17+00:00"},{"id":69,"license":1,"file_name":"IMG20240205134455_jpg.rf.f9472f27edd75f4a8f1515d482aaba3c.jpg","height":640,"width":640,"date_captured":"2024-05-01T01:23:17+00:00"},{"id":70,"license":1,"file_name":"IMG20240205133126_jpg.rf.fc683e31a50776447f34d2989bc546ec.jpg","height":640,"width":640,"date_captured":"2024-05-01T01:23:17+00:00"}],"annotations":[{"id":0,"image_id":0,"category_id":4,"bbox":[93,194,91,152],"area":13832,"segmentation":[],"iscrowd":0},{"id":1,"image_id":0,"category_id":5,"bbox":[166,318,104.5,179],"area":18705.5,"segmentation":[],"iscrowd":0},{"id":2,"image_id":0,"category_id":2,"bbox":[334,112,59.5,125],"area":7437.5,"segmentation":[],"iscrowd":0},{"id":3,"image_id":0,"category_id":3,"bbox":[529,143,85,127],"area":10795,"segmentation":[],"iscrowd":0},{"id":4,"image_id":1,"category_id":1,"bbox":[101,67,111,204.5],"area":22699.5,"segmentation":[],"iscrowd":0},{"id":5,"image_id":1,"category_id":1,"bbox":[390,216,110.5,183.5],"area":20276.75,"segmentation":[],"iscrowd":0},{"id":6,"image_id":1,"category_id":6,"bbox":[228,370,110,201],"area":22110,"segmentation":[],"iscrowd":0},{"id":7,"image_id":2,"category_id":2,"bbox":[213,239,297,141.5],"area":42025.5,"segmentation":[],"iscrowd":0},{"id":8,"image_id":3,"category_id":1,"bbox":[52,96,123.5,208.5],"area":25749.75,"segmentation":[],"iscrowd":0},{"id":9,"image_id":3,"category_id":1,"bbox":[366,229,122.5,209],"area":25602.5,"segmentation":[],"iscrowd":0},{"id":10,"image_id":3,"category_id":2,"bbox":[158,396,119,211],"area":25109,"segmentation":[],"iscrowd":0},{"id":11,"image_id":4,"category_id":3,"bbox":[341,145,99,180],"area":17820,"segmentation":[],"iscrowd":0},{"id":12,"image_id":4,"category_id":3,"bbox":[258,404,89.5,159.5],"area":14275.25,"segmentation":[],"iscrowd":0},{"id":13,"image_id":4,"category_id":1,"bbox":[177,162,95.5,164],"area":15662,"segmentation":[],"iscrowd":0},{"id":14,"image_id":5,"category_id":3,"bbox":[341,176,94,169],"area":15886,"segmentation":[],"iscrowd":0},{"id":15,"image_id":5,"category_id":3,"bbox":[282,179,68.5,166.5],"area":11405.25,"segmentation":[],"iscrowd":0},{"id":16,"image_id":5,"category_id":4,"bbox":[235,172,64,147.5],"area":9440,"segmentation":[],"iscrowd":0},{"id":17,"image_id":5,"category_id":4,"bbox":[175,290,97.5,187.5],"area":18281.25,"segmentation":[],"iscrowd":0},{"id":18,"image_id":5,"category_id":2,"bbox":[68,537,115.5,103],"area":11896.5,"segmentation":[],"iscrowd":0},{"id":19,"image_id":6,"category_id":2,"bbox":[141,194,73.5,134.5],"area":9885.75,"segmentation":[],"iscrowd":0},{"id":20,"image_id":6,"category_id":2,"bbox":[215,295,118.5,170],"area":20145,"segmentation":[],"iscrowd":0},{"id":21,"image_id":6,"category_id":3,"bbox":[65,279,95,195.5],"area":18572.5,"segmentation":[],"iscrowd":0},{"id":22,"image_id":6,"category_id":4,"bbox":[268,169,73,132.5],"area":9672.5,"segmentation":[],"iscrowd":0},{"id":23,"image_id":6,"category_id":4,"bbox":[369,169,71,113.5],"area":8058.5,"segmentation":[],"iscrowd":0},{"id":24,"image_id":6,"category_id":4,"bbox":[357,276,86.5,144],"area":12456,"segmentation":[],"iscrowd":0},{"id":25,"image_id":6,"category_id":3,"bbox":[449,159,74,118],"area":8732,"segmentation":[],"iscrowd":0},{"id":26,"image_id":7,"category_id":4,"bbox":[75,115,125,214],"area":26750,"segmentation":[],"iscrowd":0},{"id":27,"image_id":7,"category_id":4,"bbox":[369,194,122.5,211.5],"area":25908.75,"segmentation":[],"iscrowd":0},{"id":28,"image_id":7,"category_id":1,"bbox":[226,374,123.5,210],"area":25935,"segmentation":[],"iscrowd":0},{"id":29,"image_id":8,"category_id":4,"bbox":[165,111,107.5,191],"area":20532.5,"segmentation":[],"iscrowd":0},{"id":30,"image_id":8,"category_id":4,"bbox":[334,306,101.5,179],"area":18168.5,"segmentation":[],"iscrowd":0},{"id":31,"image_id":8,"category_id":4,"bbox":[241,327,88,182.5],"area":16060,"segmentation":[],"iscrowd":0},{"id":32,"image_id":8,"category_id":5,"bbox":[370,97,92.5,173],"area":16002.5,"segmentation":[],"iscrowd":0},{"id":33,"image_id":8,"category_id":3,"bbox":[126,301,107,196.5],"area":21025.5,"segmentation":[],"iscrowd":0},{"id":34,"image_id":9,"category_id":4,"bbox":[18,215,71,146],"area":10366,"segmentation":[],"iscrowd":0},{"id":35,"image_id":9,"category_id":4,"bbox":[87,209,61,144.5],"area":8814.5,"segmentation":[],"iscrowd":0},{"id":36,"image_id":9,"category_id":4,"bbox":[203,196,55,142],"area":7810,"segmentation":[],"iscrowd":0},{"id":37,"image_id":9,"category_id":4,"bbox":[360,200,49,135.5],"area":6639.5,"segmentation":[],"iscrowd":0},{"id":38,"image_id":9,"category_id":4,"bbox":[407,195,50.5,139.5],"area":7044.75,"segmentation":[],"iscrowd":0},{"id":39,"image_id":9,"category_id":4,"bbox":[501,208,64,131.5],"area":8416,"segmentation":[],"iscrowd":0},{"id":40,"image_id":9,"category_id":3,"bbox":[144,194,58.5,154.5],"area":9038.25,"segmentation":[],"iscrowd":0},{"id":41,"image_id":9,"category_id":3,"bbox":[252,195,58,146.5],"area":8497,"segmentation":[],"iscrowd":0},{"id":42,"image_id":9,"category_id":3,"bbox":[307,189,50,151],"area":7550,"segmentation":[],"iscrowd":0},{"id":43,"image_id":9,"category_id":3,"bbox":[455,176,51.5,169],"area":8703.5,"segmentation":[],"iscrowd":0},{"id":44,"image_id":10,"category_id":5,"bbox":[152,352,68,124],"area":8432,"segmentation":[],"iscrowd":0},{"id":45,"image_id":10,"category_id":6,"bbox":[271,257,49.5,96],"area":4752,"segmentation":[],"iscrowd":0},{"id":46,"image_id":10,"category_id":6,"bbox":[321,194,50,94],"area":4700,"segmentation":[],"iscrowd":0},{"id":47,"image_id":10,"category_id":2,"bbox":[258,407,56.5,119.5],"area":6751.75,"segmentation":[],"iscrowd":0},{"id":48,"image_id":10,"category_id":5,"bbox":[349,134,40.5,75],"area":3037.5,"segmentation":[],"iscrowd":0},{"id":49,"image_id":10,"category_id":5,"bbox":[396,224,51.5,96],"area":4944,"segmentation":[],"iscrowd":0},{"id":50,"image_id":10,"category_id":1,"bbox":[340,288,53.5,108],"area":5778,"segmentation":[],"iscrowd":0},{"id":51,"image_id":11,"category_id":1,"bbox":[72,260,76.5,123.5],"area":9447.75,"segmentation":[],"iscrowd":0},{"id":52,"image_id":11,"category_id":1,"bbox":[331,232,66,125.5],"area":8283,"segmentation":[],"iscrowd":0},{"id":53,"image_id":11,"category_id":3,"bbox":[252,244,60,105.5],"area":6330,"segmentation":[],"iscrowd":0},{"id":54,"image_id":11,"category_id":2,"bbox":[163,251,62.5,117.5],"area":7343.75,"segmentation":[],"iscrowd":0},{"id":55,"image_id":11,"category_id":3,"bbox":[409,220,78.5,103.5],"area":8124.75,"segmentation":[],"iscrowd":0},{"id":56,"image_id":11,"category_id":2,"bbox":[345,387,67,116],"area":7772,"segmentation":[],"iscrowd":0},{"id":57,"image_id":11,"category_id":4,"bbox":[421,370,71.5,133],"area":9509.5,"segmentation":[],"iscrowd":0},{"id":58,"image_id":11,"category_id":6,"bbox":[264,407,61,109.5],"area":6679.5,"segmentation":[],"iscrowd":0},{"id":59,"image_id":11,"category_id":5,"bbox":[165,406,71.5,131],"area":9366.5,"segmentation":[],"iscrowd":0},{"id":60,"image_id":11,"category_id":4,"bbox":[68,410,77,120.5],"area":9278.5,"segmentation":[],"iscrowd":0},{"id":61,"image_id":12,"category_id":1,"bbox":[142,142,116,192.5],"area":22330,"segmentation":[],"iscrowd":0},{"id":62,"image_id":12,"category_id":3,"bbox":[323,189,114,199],"area":22686,"segmentation":[],"iscrowd":0},{"id":63,"image_id":12,"category_id":3,"bbox":[216,406,102.5,192.5],"area":19731.25,"segmentation":[],"iscrowd":0},{"id":64,"image_id":13,"category_id":3,"bbox":[175,151,96.5,173],"area":16694.5,"segmentation":[],"iscrowd":0},{"id":65,"image_id":13,"category_id":4,"bbox":[323,128,90.5,157.5],"area":14253.75,"segmentation":[],"iscrowd":0},{"id":66,"image_id":14,"category_id":5,"bbox":[69,134,79.5,154],"area":12243,"segmentation":[],"iscrowd":0},{"id":67,"image_id":14,"category_id":5,"bbox":[435,341,90.5,141],"area":12760.5,"segmentation":[],"iscrowd":0},{"id":68,"image_id":14,"category_id":1,"bbox":[154,94,77.5,157.5],"area":12206.25,"segmentation":[],"iscrowd":0},{"id":69,"image_id":14,"category_id":6,"bbox":[250,129,80,155],"area":12400,"segmentation":[],"iscrowd":0},{"id":70,"image_id":14,"category_id":6,"bbox":[350,352,77,138.5],"area":10664.5,"segmentation":[],"iscrowd":0},{"id":71,"image_id":14,"category_id":1,"bbox":[156,335,74.5,139.5],"area":10392.75,"segmentation":[],"iscrowd":0},{"id":72,"image_id":14,"category_id":4,"bbox":[258,341,69.5,142],"area":9869,"segmentation":[],"iscrowd":0},{"id":73,"image_id":14,"category_id":4,"bbox":[48,335,89,155.5],"area":13839.5,"segmentation":[],"iscrowd":0},{"id":74,"image_id":14,"category_id":3,"bbox":[344,114,75.5,141.5],"area":10683.25,"segmentation":[],"iscrowd":0},{"id":75,"image_id":14,"category_id":3,"bbox":[455,124,80,148.5],"area":11880,"segmentation":[],"iscrowd":0},{"id":76,"image_id":15,"category_id":1,"bbox":[33,213,125.5,225.5],"area":28300.25,"segmentation":[],"iscrowd":0},{"id":77,"image_id":15,"category_id":1,"bbox":[308,124,110,178.5],"area":19635,"segmentation":[],"iscrowd":0},{"id":78,"image_id":15,"category_id":5,"bbox":[199,221,100.5,196],"area":19698,"segmentation":[],"iscrowd":0},{"id":79,"image_id":15,"category_id":5,"bbox":[401,266,115.5,193.5],"area":22349.25,"segmentation":[],"iscrowd":0},{"id":80,"image_id":16,"category_id":5,"bbox":[97,51,163,103.5],"area":16870.5,"segmentation":[],"iscrowd":0},{"id":81,"image_id":16,"category_id":5,"bbox":[389,416,136,81],"area":11016,"segmentation":[],"iscrowd":0},{"id":82,"image_id":16,"category_id":5,"bbox":[411,242,155.5,75.5],"area":11740.25,"segmentation":[],"iscrowd":0},{"id":83,"image_id":16,"category_id":1,"bbox":[228,393,146,83],"area":12118,"segmentation":[],"iscrowd":0},{"id":84,"image_id":16,"category_id":2,"bbox":[380,317,139,89.5],"area":12440.5,"segmentation":[],"iscrowd":0},{"id":85,"image_id":16,"category_id":3,"bbox":[371,164,139.5,81],"area":11299.5,"segmentation":[],"iscrowd":0},{"id":86,"image_id":16,"category_id":6,"bbox":[327,79,151,95.5],"area":14420.5,"segmentation":[],"iscrowd":0},{"id":87,"image_id":16,"category_id":6,"bbox":[139,178,154,86],"area":13244,"segmentation":[],"iscrowd":0},{"id":88,"image_id":16,"category_id":4,"bbox":[202,259,144.5,79.5],"area":11487.75,"segmentation":[],"iscrowd":0},{"id":89,"image_id":16,"category_id":4,"bbox":[126,320,159,89],"area":14151,"segmentation":[],"iscrowd":0},{"id":90,"image_id":17,"category_id":2,"bbox":[147,149,69.5,125.5],"area":8722.25,"segmentation":[],"iscrowd":0},{"id":91,"image_id":17,"category_id":5,"bbox":[32,296,102.5,189],"area":19372.5,"segmentation":[],"iscrowd":0},{"id":92,"image_id":17,"category_id":3,"bbox":[309,133,56.5,111],"area":6271.5,"segmentation":[],"iscrowd":0},{"id":93,"image_id":17,"category_id":2,"bbox":[416,138,68.5,120],"area":8220,"segmentation":[],"iscrowd":0},{"id":94,"image_id":17,"category_id":4,"bbox":[408,279,86,133],"area":11438,"segmentation":[],"iscrowd":0},{"id":95,"image_id":17,"category_id":4,"bbox":[494,123,73,113],"area":8249,"segmentation":[],"iscrowd":0},{"id":96,"image_id":17,"category_id":4,"bbox":[571,101,52,91.5],"area":4758,"segmentation":[],"iscrowd":0},{"id":97,"image_id":18,"category_id":4,"bbox":[57,212,80.5,142],"area":11431,"segmentation":[],"iscrowd":0},{"id":98,"image_id":18,"category_id":4,"bbox":[139,223,78,155.5],"area":12129,"segmentation":[],"iscrowd":0},{"id":99,"image_id":18,"category_id":4,"bbox":[281,186,80,136],"area":10880,"segmentation":[],"iscrowd":0},{"id":100,"image_id":18,"category_id":3,"bbox":[193,169,73,134],"area":9782,"segmentation":[],"iscrowd":0},{"id":101,"image_id":18,"category_id":3,"bbox":[371,255,77.5,143.5],"area":11121.25,"segmentation":[],"iscrowd":0},{"id":102,"image_id":18,"category_id":3,"bbox":[449,231,84.5,136],"area":11492,"segmentation":[],"iscrowd":0},{"id":103,"image_id":19,"category_id":6,"bbox":[200,123,105,187.5],"area":19687.5,"segmentation":[],"iscrowd":0},{"id":104,"image_id":19,"category_id":6,"bbox":[237,300,76,177],"area":13452,"segmentation":[],"iscrowd":0},{"id":105,"image_id":19,"category_id":5,"bbox":[155,328,87.5,172.5],"area":15093.75,"segmentation":[],"iscrowd":0},{"id":106,"image_id":19,"category_id":2,"bbox":[306,283,98,178],"area":17444,"segmentation":[],"iscrowd":0},{"id":107,"image_id":19,"category_id":5,"bbox":[354,108,83.5,176],"area":14696,"segmentation":[],"iscrowd":0},{"id":108,"image_id":20,"category_id":6,"bbox":[108,192,69.5,128],"area":8896,"segmentation":[],"iscrowd":0},{"id":109,"image_id":20,"category_id":6,"bbox":[236,193,61,112.5],"area":6862.5,"segmentation":[],"iscrowd":0},{"id":110,"image_id":20,"category_id":6,"bbox":[430,163,47.5,84.5],"area":4013.75,"segmentation":[],"iscrowd":0},{"id":111,"image_id":20,"category_id":6,"bbox":[405,258,66.5,114],"area":7581,"segmentation":[],"iscrowd":0},{"id":112,"image_id":20,"category_id":6,"bbox":[138,318,81.5,139.5],"area":11369.25,"segmentation":[],"iscrowd":0},{"id":113,"image_id":20,"category_id":1,"bbox":[332,201,56,104],"area":5824,"segmentation":[],"iscrowd":0},{"id":114,"image_id":20,"category_id":1,"bbox":[276,289,71,124.5],"area":8839.5,"segmentation":[],"iscrowd":0},{"id":115,"image_id":21,"category_id":3,"bbox":[94,145,104.5,176.5],"area":18444.25,"segmentation":[],"iscrowd":0},{"id":116,"image_id":21,"category_id":4,"bbox":[386,179,94,149.5],"area":14053,"segmentation":[],"iscrowd":0},{"id":117,"image_id":21,"category_id":4,"bbox":[247,101,88,154],"area":13552,"segmentation":[],"iscrowd":0},{"id":118,"image_id":21,"category_id":4,"bbox":[211,236,111,193],"area":21423,"segmentation":[],"iscrowd":0},{"id":119,"image_id":22,"category_id":4,"bbox":[75,166,78,143.5],"area":11193,"segmentation":[],"iscrowd":0},{"id":120,"image_id":22,"category_id":5,"bbox":[69,329,77,141],"area":10857,"segmentation":[],"iscrowd":0},{"id":121,"image_id":22,"category_id":6,"bbox":[168,325,65.5,131.5],"area":8613.25,"segmentation":[],"iscrowd":0},{"id":122,"image_id":22,"category_id":6,"bbox":[250,148,74.5,139],"area":10355.5,"segmentation":[],"iscrowd":0},{"id":123,"image_id":22,"category_id":3,"bbox":[168,152,66,130.5],"area":8613,"segmentation":[],"iscrowd":0},{"id":124,"image_id":22,"category_id":3,"bbox":[421,145,70.5,128.5],"area":9059.25,"segmentation":[],"iscrowd":0},{"id":125,"image_id":22,"category_id":1,"bbox":[339,162,65,127.5],"area":8287.5,"segmentation":[],"iscrowd":0},{"id":126,"image_id":22,"category_id":2,"bbox":[267,329,67,132],"area":8844,"segmentation":[],"iscrowd":0},{"id":127,"image_id":22,"category_id":2,"bbox":[357,310,71,128],"area":9088,"segmentation":[],"iscrowd":0},{"id":128,"image_id":22,"category_id":4,"bbox":[429,285,84,147.5],"area":12390,"segmentation":[],"iscrowd":0},{"id":129,"image_id":23,"category_id":1,"bbox":[43,185,131,211],"area":27641,"segmentation":[],"iscrowd":0},{"id":130,"image_id":23,"category_id":5,"bbox":[206,212,103.5,197.5],"area":20441.25,"segmentation":[],"iscrowd":0},{"id":131,"image_id":23,"category_id":1,"bbox":[332,123,94.5,173],"area":16348.5,"segmentation":[],"iscrowd":0},{"id":132,"image_id":23,"category_id":3,"bbox":[450,189,109.5,171],"area":18724.5,"segmentation":[],"iscrowd":0},{"id":133,"image_id":24,"category_id":1,"bbox":[184,103,204.5,111],"area":22699.5,"segmentation":[],"iscrowd":0},{"id":134,"image_id":24,"category_id":2,"bbox":[188,209,194.5,112.5],"area":21881.25,"segmentation":[],"iscrowd":0},{"id":135,"image_id":24,"category_id":3,"bbox":[177,320,208,117.5],"area":24440,"segmentation":[],"iscrowd":0},{"id":136,"image_id":25,"category_id":2,"bbox":[40,151,87,163],"area":14181,"segmentation":[],"iscrowd":0},{"id":137,"image_id":25,"category_id":2,"bbox":[152,358,83,149.5],"area":12408.5,"segmentation":[],"iscrowd":0},{"id":138,"image_id":25,"category_id":2,"bbox":[266,355,78,148],"area":11544,"segmentation":[],"iscrowd":0},{"id":139,"image_id":25,"category_id":2,"bbox":[368,335,77,137.5],"area":10587.5,"segmentation":[],"iscrowd":0},{"id":140,"image_id":25,"category_id":1,"bbox":[445,296,84,160],"area":13440,"segmentation":[],"iscrowd":0},{"id":141,"image_id":25,"category_id":5,"bbox":[149,152,80,161.5],"area":12920,"segmentation":[],"iscrowd":0},{"id":142,"image_id":25,"category_id":5,"bbox":[41,353,90.5,165],"area":14932.5,"segmentation":[],"iscrowd":0},{"id":143,"image_id":25,"category_id":6,"bbox":[426,140,78,145],"area":11310,"segmentation":[],"iscrowd":0},{"id":144,"image_id":25,"category_id":4,"bbox":[341,144,70,126.5],"area":8855,"segmentation":[],"iscrowd":0},{"id":145,"image_id":25,"category_id":4,"bbox":[262,175,69.5,144],"area":10008,"segmentation":[],"iscrowd":0},{"id":146,"image_id":26,"category_id":1,"bbox":[38,146,184,115],"area":21160,"segmentation":[],"iscrowd":0},{"id":147,"image_id":26,"category_id":5,"bbox":[222,115,178.5,111],"area":19813.5,"segmentation":[],"iscrowd":0},{"id":148,"image_id":26,"category_id":1,"bbox":[272,196,247,135],"area":33345,"segmentation":[],"iscrowd":0},{"id":149,"image_id":26,"category_id":3,"bbox":[461,127,177,110.5],"area":19558.5,"segmentation":[],"iscrowd":0},{"id":150,"image_id":27,"category_id":6,"bbox":[75,41,232.5,139.5],"area":32433.75,"segmentation":[],"iscrowd":0},{"id":151,"image_id":27,"category_id":6,"bbox":[362,217,215.5,103],"area":22196.5,"segmentation":[],"iscrowd":0},{"id":152,"image_id":27,"category_id":1,"bbox":[68,261,228,126],"area":28728,"segmentation":[],"iscrowd":0},{"id":153,"image_id":27,"category_id":1,"bbox":[113,377,206,117.5],"area":24205,"segmentation":[],"iscrowd":0},{"id":154,"image_id":27,"category_id":3,"bbox":[378,437,194.5,106],"area":20617,"segmentation":[],"iscrowd":0},{"id":155,"image_id":28,"category_id":4,"bbox":[113,142,220,122],"area":26840,"segmentation":[],"iscrowd":0},{"id":156,"image_id":28,"category_id":4,"bbox":[362,137,187.5,103],"area":19312.5,"segmentation":[],"iscrowd":0},{"id":157,"image_id":28,"category_id":2,"bbox":[407,255,193,111],"area":21423,"segmentation":[],"iscrowd":0},{"id":158,"image_id":28,"category_id":5,"bbox":[282,350,192.5,108],"area":20790,"segmentation":[],"iscrowd":0},{"id":159,"image_id":28,"category_id":6,"bbox":[106,279,201.5,118.5],"area":23877.75,"segmentation":[],"iscrowd":0},{"id":160,"image_id":29,"category_id":4,"bbox":[62,193,59,132.5],"area":7817.5,"segmentation":[],"iscrowd":0},{"id":161,"image_id":29,"category_id":4,"bbox":[116,184,56,142],"area":7952,"segmentation":[],"iscrowd":0},{"id":162,"image_id":29,"category_id":4,"bbox":[215,171,53,138],"area":7314,"segmentation":[],"iscrowd":0},{"id":163,"image_id":29,"category_id":4,"bbox":[357,173,49.5,147.5],"area":7301.25,"segmentation":[],"iscrowd":0},{"id":164,"image_id":29,"category_id":4,"bbox":[402,166,48.5,149],"area":7226.5,"segmentation":[],"iscrowd":0},{"id":165,"image_id":29,"category_id":4,"bbox":[494,184,42.5,137.5],"area":5843.75,"segmentation":[],"iscrowd":0},{"id":166,"image_id":29,"category_id":3,"bbox":[443,190,51,128.5],"area":6553.5,"segmentation":[],"iscrowd":0},{"id":167,"image_id":29,"category_id":3,"bbox":[313,185,43,125],"area":5375,"segmentation":[],"iscrowd":0},{"id":168,"image_id":29,"category_id":3,"bbox":[261,189,49.5,133],"area":6583.5,"segmentation":[],"iscrowd":0},{"id":169,"image_id":29,"category_id":3,"bbox":[167,179,46,137.5],"area":6325,"segmentation":[],"iscrowd":0},{"id":170,"image_id":30,"category_id":4,"bbox":[48,339,78.5,154.5],"area":12128.25,"segmentation":[],"iscrowd":0},{"id":171,"image_id":30,"category_id":4,"bbox":[493,281,82,143],"area":11726,"segmentation":[],"iscrowd":0},{"id":172,"image_id":30,"category_id":4,"bbox":[593,154,46.5,85.5],"area":3975.75,"segmentation":[],"iscrowd":0},{"id":173,"image_id":30,"category_id":3,"bbox":[378,204,50.5,88],"area":4444,"segmentation":[],"iscrowd":0},{"id":174,"image_id":30,"category_id":2,"bbox":[260,236,50.5,112.5],"area":5681.25,"segmentation":[],"iscrowd":0},{"id":175,"image_id":30,"category_id":2,"bbox":[471,184,52,103],"area":5356,"segmentation":[],"iscrowd":0},{"id":176,"image_id":30,"category_id":4,"bbox":[532,163,55,84.5],"area":4647.5,"segmentation":[],"iscrowd":0},{"id":177,"image_id":30,"category_id":5,"bbox":[215,372,75,154.5],"area":11587.5,"segmentation":[],"iscrowd":0},{"id":178,"image_id":31,"category_id":6,"bbox":[48,46,192.5,133.5],"area":25698.75,"segmentation":[],"iscrowd":0},{"id":179,"image_id":31,"category_id":1,"bbox":[50,231,204.5,130.5],"area":26687.25,"segmentation":[],"iscrowd":0},{"id":180,"image_id":31,"category_id":5,"bbox":[313,176,192,104],"area":19968,"segmentation":[],"iscrowd":0},{"id":181,"image_id":31,"category_id":1,"bbox":[103,350,181.5,118],"area":21417,"segmentation":[],"iscrowd":0},{"id":182,"image_id":31,"category_id":3,"bbox":[358,410,195,110],"area":21450,"segmentation":[],"iscrowd":0},{"id":183,"image_id":32,"category_id":2,"bbox":[213,248,250,123.5],"area":30875,"segmentation":[],"iscrowd":0},{"id":184,"image_id":33,"category_id":5,"bbox":[213,183,88,159],"area":13992,"segmentation":[],"iscrowd":0},{"id":185,"image_id":33,"category_id":3,"bbox":[334,186,88.5,166],"area":14691,"segmentation":[],"iscrowd":0},{"id":186,"image_id":33,"category_id":6,"bbox":[247,385,81,146.5],"area":11866.5,"segmentation":[],"iscrowd":0},{"id":187,"image_id":34,"category_id":3,"bbox":[88,190,83,144],"area":11952,"segmentation":[],"iscrowd":0},{"id":188,"image_id":34,"category_id":3,"bbox":[202,380,69.5,123],"area":8548.5,"segmentation":[],"iscrowd":0},{"id":189,"image_id":34,"category_id":1,"bbox":[184,112,72,144],"area":10368,"segmentation":[],"iscrowd":0},{"id":190,"image_id":34,"category_id":2,"bbox":[276,159,77,148],"area":11396,"segmentation":[],"iscrowd":0},{"id":191,"image_id":34,"category_id":5,"bbox":[372,162,76,144],"area":10944,"segmentation":[],"iscrowd":0},{"id":192,"image_id":34,"category_id":5,"bbox":[457,161,81,137.5],"area":11137.5,"segmentation":[],"iscrowd":0},{"id":193,"image_id":34,"category_id":5,"bbox":[64,383,89.5,142.5],"area":12753.75,"segmentation":[],"iscrowd":0},{"id":194,"image_id":34,"category_id":2,"bbox":[303,384,63,120],"area":7560,"segmentation":[],"iscrowd":0},{"id":195,"image_id":34,"category_id":4,"bbox":[375,347,79.5,124],"area":9858,"segmentation":[],"iscrowd":0},{"id":196,"image_id":34,"category_id":6,"bbox":[458,346,78,128.5],"area":10023,"segmentation":[],"iscrowd":0},{"id":197,"image_id":35,"category_id":6,"bbox":[182,202,80.5,132.5],"area":10666.25,"segmentation":[],"iscrowd":0},{"id":198,"image_id":35,"category_id":1,"bbox":[310,158,73,118],"area":8614,"segmentation":[],"iscrowd":0},{"id":199,"image_id":35,"category_id":1,"bbox":[285,275,84,155],"area":13020,"segmentation":[],"iscrowd":0},{"id":200,"image_id":35,"category_id":6,"bbox":[445,196,64.5,135],"area":8707.5,"segmentation":[],"iscrowd":0},{"id":201,"image_id":35,"category_id":6,"bbox":[42,240,100.5,170],"area":17085,"segmentation":[],"iscrowd":0},{"id":202,"image_id":35,"category_id":6,"bbox":[154,340,100,187.5],"area":18750,"segmentation":[],"iscrowd":0},{"id":203,"image_id":35,"category_id":6,"bbox":[431,94,57,105.5],"area":6013.5,"segmentation":[],"iscrowd":0},{"id":204,"image_id":36,"category_id":1,"bbox":[33,162,135,211],"area":28485,"segmentation":[],"iscrowd":0},{"id":205,"image_id":36,"category_id":5,"bbox":[198,180,102.5,214],"area":21935,"segmentation":[],"iscrowd":0},{"id":206,"image_id":36,"category_id":1,"bbox":[321,117,108,187.5],"area":20250,"segmentation":[],"iscrowd":0},{"id":207,"image_id":36,"category_id":3,"bbox":[446,182,98,176],"area":17248,"segmentation":[],"iscrowd":0},{"id":208,"image_id":37,"category_id":5,"bbox":[196,109,100.5,186],"area":18693,"segmentation":[],"iscrowd":0},{"id":209,"image_id":37,"category_id":2,"bbox":[294,134,106.5,178.5],"area":19010.25,"segmentation":[],"iscrowd":0},{"id":210,"image_id":37,"category_id":6,"bbox":[231,342,93.5,172],"area":16082,"segmentation":[],"iscrowd":0},{"id":211,"image_id":38,"category_id":3,"bbox":[0,187,170.339,116.773],"area":19891.045,"segmentation":[[0,209.505,38.794,303.677,170.339,279.82,132.436,186.904,0,209.505]],"iscrowd":0},{"id":212,"image_id":38,"category_id":2,"bbox":[159,218,243.024,120.481],"area":29279.903,"segmentation":[[170.592,218.353,159.191,325.023,377.69,338.834,402.215,223.317,170.592,218.353]],"iscrowd":0},{"id":213,"image_id":39,"category_id":1,"bbox":[118,160,224.5,143.5],"area":32215.75,"segmentation":[],"iscrowd":0},{"id":214,"image_id":39,"category_id":1,"bbox":[351,160,243.5,144.5],"area":35185.75,"segmentation":[],"iscrowd":0},{"id":215,"image_id":40,"category_id":4,"bbox":[326,169,170.5,85],"area":14492.5,"segmentation":[],"iscrowd":0},{"id":216,"image_id":40,"category_id":4,"bbox":[124,155,166.5,97],"area":16150.5,"segmentation":[],"iscrowd":0},{"id":217,"image_id":41,"category_id":4,"bbox":[56,154,85.5,150],"area":12825,"segmentation":[],"iscrowd":0},{"id":218,"image_id":41,"category_id":4,"bbox":[176,151,64,145],"area":9280,"segmentation":[],"iscrowd":0},{"id":219,"image_id":41,"category_id":4,"bbox":[177,374,66.5,128.5],"area":8545.25,"segmentation":[],"iscrowd":0},{"id":220,"image_id":41,"category_id":4,"bbox":[67,372,79,145.5],"area":11494.5,"segmentation":[],"iscrowd":0},{"id":221,"image_id":41,"category_id":3,"bbox":[259,147,76,142.5],"area":10830,"segmentation":[],"iscrowd":0},{"id":222,"image_id":41,"category_id":3,"bbox":[351,144,75.5,130],"area":9815,"segmentation":[],"iscrowd":0},{"id":223,"image_id":41,"category_id":3,"bbox":[461,156,83.5,129.5],"area":10813.25,"segmentation":[],"iscrowd":0},{"id":224,"image_id":41,"category_id":5,"bbox":[267,346,77,141],"area":10857,"segmentation":[],"iscrowd":0},{"id":225,"image_id":41,"category_id":5,"bbox":[348,368,74,141],"area":10434,"segmentation":[],"iscrowd":0},{"id":226,"image_id":41,"category_id":5,"bbox":[449,363,74.5,126.5],"area":9424.25,"segmentation":[],"iscrowd":0},{"id":227,"image_id":42,"category_id":4,"bbox":[131,52,139,93],"area":12927,"segmentation":[],"iscrowd":0},{"id":228,"image_id":42,"category_id":2,"bbox":[377,171,140.5,66.5],"area":9343.25,"segmentation":[],"iscrowd":0},{"id":229,"image_id":42,"category_id":1,"bbox":[139,162,133,78],"area":10374,"segmentation":[],"iscrowd":0},{"id":230,"image_id":42,"category_id":5,"bbox":[341,65,143,84],"area":12012,"segmentation":[],"iscrowd":0},{"id":231,"image_id":42,"category_id":5,"bbox":[118,264,124.5,72.5],"area":9026.25,"segmentation":[],"iscrowd":0},{"id":232,"image_id":42,"category_id":3,"bbox":[372,258,135.5,65],"area":8807.5,"segmentation":[],"iscrowd":0},{"id":233,"image_id":42,"category_id":6,"bbox":[145,350,116,74.5],"area":8642,"segmentation":[],"iscrowd":0},{"id":234,"image_id":42,"category_id":5,"bbox":[156,434,120.5,85],"area":10242.5,"segmentation":[],"iscrowd":0},{"id":235,"image_id":42,"category_id":3,"bbox":[378,344,139.5,77.5],"area":10811.25,"segmentation":[],"iscrowd":0},{"id":236,"image_id":42,"category_id":3,"bbox":[368,455,149.5,88.5],"area":13230.75,"segmentation":[],"iscrowd":0},{"id":237,"image_id":43,"category_id":4,"bbox":[22,162,64,148.5],"area":9504,"segmentation":[],"iscrowd":0},{"id":238,"image_id":43,"category_id":4,"bbox":[84,161,56,136.5],"area":7644,"segmentation":[],"iscrowd":0},{"id":239,"image_id":43,"category_id":4,"bbox":[196,149,55.5,135.5],"area":7520.25,"segmentation":[],"iscrowd":0},{"id":240,"image_id":43,"category_id":4,"bbox":[356,158,54,125],"area":6750,"segmentation":[],"iscrowd":0},{"id":241,"image_id":43,"category_id":4,"bbox":[405,158,56,125],"area":7000,"segmentation":[],"iscrowd":0},{"id":242,"image_id":43,"category_id":4,"bbox":[499,162,64,139.5],"area":8928,"segmentation":[],"iscrowd":0},{"id":243,"image_id":43,"category_id":3,"bbox":[452,165,54.5,129],"area":7030.5,"segmentation":[],"iscrowd":0},{"id":244,"image_id":43,"category_id":3,"bbox":[307,151,53.5,139.5],"area":7463.25,"segmentation":[],"iscrowd":0},{"id":245,"image_id":43,"category_id":3,"bbox":[249,151,60.5,136.5],"area":8258.25,"segmentation":[],"iscrowd":0},{"id":246,"image_id":43,"category_id":3,"bbox":[141,154,55,144.5],"area":7947.5,"segmentation":[],"iscrowd":0},{"id":247,"image_id":44,"category_id":5,"bbox":[348,115,106,178],"area":18868,"segmentation":[],"iscrowd":0},{"id":248,"image_id":44,"category_id":2,"bbox":[299,304,115,217.5],"area":25012.5,"segmentation":[],"iscrowd":0},{"id":249,"image_id":44,"category_id":6,"bbox":[165,105,123.5,207],"area":25564.5,"segmentation":[],"iscrowd":0},{"id":250,"image_id":44,"category_id":6,"bbox":[193,313,106,228],"area":24168,"segmentation":[],"iscrowd":0},{"id":251,"image_id":44,"category_id":3,"bbox":[73,324,120.5,240],"area":28920,"segmentation":[],"iscrowd":0},{"id":252,"image_id":45,"category_id":1,"bbox":[326,55,178.5,105.5],"area":18831.75,"segmentation":[],"iscrowd":0},{"id":253,"image_id":45,"category_id":1,"bbox":[26,112,203.5,128],"area":26048,"segmentation":[],"iscrowd":0},{"id":254,"image_id":45,"category_id":3,"bbox":[289,231,172,96.5],"area":16598,"segmentation":[],"iscrowd":0},{"id":255,"image_id":45,"category_id":6,"bbox":[63,270,196.5,114],"area":22401,"segmentation":[],"iscrowd":0},{"id":256,"image_id":45,"category_id":6,"bbox":[324,411,165.5,101],"area":16715.5,"segmentation":[],"iscrowd":0},{"id":257,"image_id":46,"category_id":4,"bbox":[86,190,97.5,165.5],"area":16136.25,"segmentation":[],"iscrowd":0},{"id":258,"image_id":46,"category_id":5,"bbox":[164,320,108,166],"area":17928,"segmentation":[],"iscrowd":0},{"id":259,"image_id":46,"category_id":2,"bbox":[321,120,69,112.5],"area":7762.5,"segmentation":[],"iscrowd":0},{"id":260,"image_id":46,"category_id":3,"bbox":[525,157,82,114],"area":9348,"segmentation":[],"iscrowd":0},{"id":261,"image_id":47,"category_id":1,"bbox":[49,192,126,209.5],"area":26397,"segmentation":[],"iscrowd":0},{"id":262,"image_id":47,"category_id":5,"bbox":[218,195,111,203.5],"area":22588.5,"segmentation":[],"iscrowd":0},{"id":263,"image_id":47,"category_id":1,"bbox":[330,100,101,172],"area":17372,"segmentation":[],"iscrowd":0},{"id":264,"image_id":47,"category_id":5,"bbox":[422,237,106.5,201.5],"area":21459.75,"segmentation":[],"iscrowd":0},{"id":265,"image_id":48,"category_id":6,"bbox":[96,173,82.5,129.5],"area":10683.75,"segmentation":[],"iscrowd":0},{"id":266,"image_id":48,"category_id":6,"bbox":[201,198,98,154.5],"area":15141,"segmentation":[],"iscrowd":0},{"id":267,"image_id":48,"category_id":3,"bbox":[364,216,113.5,168],"area":19068,"segmentation":[],"iscrowd":0},{"id":268,"image_id":48,"category_id":2,"bbox":[490,231,91,127],"area":11557,"segmentation":[],"iscrowd":0},{"id":269,"image_id":49,"category_id":4,"bbox":[51,180,85,161.5],"area":13727.5,"segmentation":[],"iscrowd":0},{"id":270,"image_id":49,"category_id":2,"bbox":[294,123,61.5,114],"area":7011,"segmentation":[],"iscrowd":0},{"id":271,"image_id":49,"category_id":3,"bbox":[494,163,83,113.5],"area":9420.5,"segmentation":[],"iscrowd":0},{"id":272,"image_id":49,"category_id":5,"bbox":[210,264,89,153],"area":13617,"segmentation":[],"iscrowd":0},{"id":273,"image_id":50,"category_id":6,"bbox":[69,200,75.5,148],"area":11174,"segmentation":[],"iscrowd":0},{"id":274,"image_id":50,"category_id":6,"bbox":[192,184,74.5,142],"area":10579,"segmentation":[],"iscrowd":0},{"id":275,"image_id":50,"category_id":6,"bbox":[471,143,64,117],"area":7488,"segmentation":[],"iscrowd":0},{"id":276,"image_id":50,"category_id":6,"bbox":[432,296,85,147.5],"area":12537.5,"segmentation":[],"iscrowd":0},{"id":277,"image_id":50,"category_id":6,"bbox":[126,349,86,159.5],"area":13717,"segmentation":[],"iscrowd":0},{"id":278,"image_id":50,"category_id":1,"bbox":[319,175,82,132.5],"area":10865,"segmentation":[],"iscrowd":0},{"id":279,"image_id":50,"category_id":1,"bbox":[250,312,93.5,155.5],"area":14539.25,"segmentation":[],"iscrowd":0},{"id":280,"image_id":51,"category_id":4,"bbox":[215,151,83,158.5],"area":13155.5,"segmentation":[],"iscrowd":0},{"id":281,"image_id":51,"category_id":4,"bbox":[87,187,106,152.5],"area":16165,"segmentation":[],"iscrowd":0},{"id":282,"image_id":51,"category_id":2,"bbox":[106,404,89,149.5],"area":13305.5,"segmentation":[],"iscrowd":0},{"id":283,"image_id":51,"category_id":1,"bbox":[234,442,79,149.5],"area":11810.5,"segmentation":[],"iscrowd":0},{"id":284,"image_id":51,"category_id":2,"bbox":[289,293,84.5,144.5],"area":12210.25,"segmentation":[],"iscrowd":0},{"id":285,"image_id":51,"category_id":6,"bbox":[379,222,87.5,146.5],"area":12818.75,"segmentation":[],"iscrowd":0},{"id":286,"image_id":52,"category_id":3,"bbox":[194,173,75.5,125],"area":9437.5,"segmentation":[],"iscrowd":0},{"id":287,"image_id":52,"category_id":3,"bbox":[378,247,76,146],"area":11096,"segmentation":[],"iscrowd":0},{"id":288,"image_id":52,"category_id":3,"bbox":[454,225,81,141.5],"area":11461.5,"segmentation":[],"iscrowd":0},{"id":289,"image_id":52,"category_id":4,"bbox":[280,177,78.5,139],"area":10911.5,"segmentation":[],"iscrowd":0},{"id":290,"image_id":52,"category_id":4,"bbox":[139,206,81.5,175.5],"area":14303.25,"segmentation":[],"iscrowd":0},{"id":291,"image_id":52,"category_id":4,"bbox":[63,195,76.5,157.5],"area":12048.75,"segmentation":[],"iscrowd":0},{"id":292,"image_id":53,"category_id":5,"bbox":[74,173,87.5,149.5],"area":13081.25,"segmentation":[],"iscrowd":0},{"id":293,"image_id":53,"category_id":2,"bbox":[178,140,71.5,144],"area":10296,"segmentation":[],"iscrowd":0},{"id":294,"image_id":53,"category_id":4,"bbox":[69,385,83.5,145.5],"area":12149.25,"segmentation":[],"iscrowd":0},{"id":295,"image_id":53,"category_id":1,"bbox":[175,383,73.5,133.5],"area":9812.25,"segmentation":[],"iscrowd":0},{"id":296,"image_id":53,"category_id":4,"bbox":[273,388,71,129],"area":9159,"segmentation":[],"iscrowd":0},{"id":297,"image_id":53,"category_id":6,"bbox":[361,384,76.5,136.5],"area":10442.25,"segmentation":[],"iscrowd":0},{"id":298,"image_id":53,"category_id":3,"bbox":[263,145,79,146.5],"area":11573.5,"segmentation":[],"iscrowd":0},{"id":299,"image_id":53,"category_id":3,"bbox":[357,137,79.5,134.5],"area":10692.75,"segmentation":[],"iscrowd":0},{"id":300,"image_id":53,"category_id":3,"bbox":[467,140,88.5,146.5],"area":12965.25,"segmentation":[],"iscrowd":0},{"id":301,"image_id":53,"category_id":5,"bbox":[446,367,85.5,152.5],"area":13038.75,"segmentation":[],"iscrowd":0},{"id":302,"image_id":54,"category_id":3,"bbox":[446,156,190,112.5],"area":21375,"segmentation":[],"iscrowd":0},{"id":303,"image_id":54,"category_id":1,"bbox":[14,207,204.5,119.5],"area":24437.75,"segmentation":[],"iscrowd":0},{"id":304,"image_id":54,"category_id":1,"bbox":[283,257,185.5,113.5],"area":21054.25,"segmentation":[],"iscrowd":0},{"id":305,"image_id":54,"category_id":5,"bbox":[179,150,201,118],"area":23718,"segmentation":[],"iscrowd":0},{"id":306,"image_id":55,"category_id":5,"bbox":[427,178,86,161],"area":13846,"segmentation":[],"iscrowd":0},{"id":307,"image_id":55,"category_id":3,"bbox":[48,229,115.5,219],"area":25294.5,"segmentation":[],"iscrowd":0},{"id":308,"image_id":55,"category_id":4,"bbox":[320,87,88.5,150],"area":13275,"segmentation":[],"iscrowd":0},{"id":309,"image_id":55,"category_id":2,"bbox":[185,119,92,163],"area":14996,"segmentation":[],"iscrowd":0},{"id":310,"image_id":56,"category_id":6,"bbox":[88,150,58.5,120],"area":7020,"segmentation":[],"iscrowd":0},{"id":311,"image_id":56,"category_id":6,"bbox":[182,171,64,120],"area":7680,"segmentation":[],"iscrowd":0},{"id":312,"image_id":56,"category_id":6,"bbox":[100,262,69.5,128.5],"area":8930.75,"segmentation":[],"iscrowd":0},{"id":313,"image_id":56,"category_id":6,"bbox":[369,311,74.5,130],"area":9685,"segmentation":[],"iscrowd":0},{"id":314,"image_id":56,"category_id":1,"bbox":[298,205,55.5,107.5],"area":5966.25,"segmentation":[],"iscrowd":0},{"id":315,"image_id":56,"category_id":1,"bbox":[206,274,72,132],"area":9504,"segmentation":[],"iscrowd":0},{"id":316,"image_id":57,"category_id":6,"bbox":[71,248,96.5,161.5],"area":15584.75,"segmentation":[],"iscrowd":0},{"id":317,"image_id":57,"category_id":6,"bbox":[228,311,82,153.5],"area":12587,"segmentation":[],"iscrowd":0},{"id":318,"image_id":57,"category_id":3,"bbox":[349,285,89.5,160],"area":14320,"segmentation":[],"iscrowd":0},{"id":319,"image_id":57,"category_id":4,"bbox":[286,191,73.5,140.5],"area":10326.75,"segmentation":[],"iscrowd":0},{"id":320,"image_id":58,"category_id":4,"bbox":[80,262,88.5,174.5],"area":15443.25,"segmentation":[],"iscrowd":0},{"id":321,"image_id":58,"category_id":4,"bbox":[171,240,96.5,187.5],"area":18093.75,"segmentation":[],"iscrowd":0},{"id":322,"image_id":58,"category_id":2,"bbox":[266,224,86.5,173],"area":14964.5,"segmentation":[],"iscrowd":0},{"id":323,"image_id":58,"category_id":6,"bbox":[355,214,93,175],"area":16275,"segmentation":[],"iscrowd":0},{"id":324,"image_id":59,"category_id":2,"bbox":[153,223,265.32,113.264],"area":30051.26,"segmentation":[[165.017,223.059,152.503,322.511,402.215,336.323,417.822,225.828,165.017,223.059]],"iscrowd":0},{"id":325,"image_id":59,"category_id":3,"bbox":[0,189,177.028,114.262],"area":20227.563,"segmentation":[[0,215.216,45.483,303.677,177.028,278.564,119.059,189.415,0,215.216]],"iscrowd":0},{"id":326,"image_id":60,"category_id":1,"bbox":[148,182,181.5,119],"area":21598.5,"segmentation":[],"iscrowd":0},{"id":327,"image_id":60,"category_id":3,"bbox":[335,212,225.5,128],"area":28864,"segmentation":[],"iscrowd":0},{"id":328,"image_id":61,"category_id":3,"bbox":[190,170,90.5,166],"area":15023,"segmentation":[],"iscrowd":0},{"id":329,"image_id":61,"category_id":4,"bbox":[337,145,88.5,157.5],"area":13938.75,"segmentation":[],"iscrowd":0},{"id":330,"image_id":62,"category_id":6,"bbox":[83,335,86.5,157.5],"area":13623.75,"segmentation":[],"iscrowd":0},{"id":331,"image_id":62,"category_id":6,"bbox":[233,410,95,148],"area":14060,"segmentation":[],"iscrowd":0},{"id":332,"image_id":62,"category_id":4,"bbox":[293,202,84,140.5],"area":11802,"segmentation":[],"iscrowd":0},{"id":333,"image_id":62,"category_id":3,"bbox":[357,373,94.5,148],"area":13986,"segmentation":[],"iscrowd":0},{"id":334,"image_id":62,"category_id":2,"bbox":[428,176,77,140],"area":10780,"segmentation":[],"iscrowd":0},{"id":335,"image_id":63,"category_id":3,"bbox":[86,235,173.907,100.45],"area":17468.977,"segmentation":[[85.615,243.407,127.977,335.067,259.522,321.256,223.849,234.617,85.615,243.407]],"iscrowd":0},{"id":336,"image_id":63,"category_id":2,"bbox":[282,266,260.5,115],"area":29957.5,"segmentation":[],"iscrowd":0},{"id":337,"image_id":64,"category_id":4,"bbox":[52,347,81,140.5],"area":11380.5,"segmentation":[],"iscrowd":0},{"id":338,"image_id":64,"category_id":2,"bbox":[262,230,58.5,103.5],"area":6054.75,"segmentation":[],"iscrowd":0},{"id":339,"image_id":64,"category_id":2,"bbox":[471,182,54,90],"area":4860,"segmentation":[],"iscrowd":0},{"id":340,"image_id":64,"category_id":3,"bbox":[378,193,48.5,98],"area":4753,"segmentation":[],"iscrowd":0},{"id":341,"image_id":64,"category_id":5,"bbox":[222,381,72,143],"area":10296,"segmentation":[],"iscrowd":0},{"id":342,"image_id":64,"category_id":4,"bbox":[536,156,49.5,89.5],"area":4430.25,"segmentation":[],"iscrowd":0},{"id":343,"image_id":64,"category_id":4,"bbox":[597,148,43,87.5],"area":3762.5,"segmentation":[],"iscrowd":0},{"id":344,"image_id":64,"category_id":4,"bbox":[496,287,73.5,121.5],"area":8930.25,"segmentation":[],"iscrowd":0},{"id":345,"image_id":65,"category_id":1,"bbox":[184,179,87.5,149.5],"area":13081.25,"segmentation":[],"iscrowd":0},{"id":346,"image_id":65,"category_id":3,"bbox":[333,201,92.5,154],"area":14245,"segmentation":[],"iscrowd":0},{"id":347,"image_id":65,"category_id":3,"bbox":[242,373,80.5,160],"area":12880,"segmentation":[],"iscrowd":0},{"id":348,"image_id":66,"category_id":6,"bbox":[112,87,169.5,118],"area":20001,"segmentation":[],"iscrowd":0},{"id":349,"image_id":66,"category_id":4,"bbox":[295,182,210,116.5],"area":24465,"segmentation":[],"iscrowd":0},{"id":350,"image_id":66,"category_id":4,"bbox":[74,259,185.5,101],"area":18735.5,"segmentation":[],"iscrowd":0},{"id":351,"image_id":66,"category_id":4,"bbox":[92,353,196.5,113.5],"area":22302.75,"segmentation":[],"iscrowd":0},{"id":352,"image_id":66,"category_id":3,"bbox":[373,432,173.5,104.5],"area":18130.75,"segmentation":[],"iscrowd":0},{"id":353,"image_id":67,"category_id":4,"bbox":[81,206,95,156.5],"area":14867.5,"segmentation":[],"iscrowd":0},{"id":354,"image_id":67,"category_id":4,"bbox":[204,172,87.5,150],"area":13125,"segmentation":[],"iscrowd":0},{"id":355,"image_id":67,"category_id":6,"bbox":[376,237,83.5,150.5],"area":12566.75,"segmentation":[],"iscrowd":0},{"id":356,"image_id":67,"category_id":2,"bbox":[281,303,90,149.5],"area":13455,"segmentation":[],"iscrowd":0},{"id":357,"image_id":67,"category_id":1,"bbox":[220,447,88.5,163],"area":14425.5,"segmentation":[],"iscrowd":0},{"id":358,"image_id":67,"category_id":2,"bbox":[97,417,100.5,157],"area":15778.5,"segmentation":[],"iscrowd":0},{"id":359,"image_id":68,"category_id":4,"bbox":[91,229,72.5,133],"area":9642.5,"segmentation":[],"iscrowd":0},{"id":360,"image_id":68,"category_id":3,"bbox":[215,197,62,110.5],"area":6851,"segmentation":[],"iscrowd":0},{"id":361,"image_id":68,"category_id":4,"bbox":[159,352,81,153],"area":12393,"segmentation":[],"iscrowd":0},{"id":362,"image_id":68,"category_id":4,"bbox":[297,192,83.5,137],"area":11439.5,"segmentation":[],"iscrowd":0},{"id":363,"image_id":68,"category_id":3,"bbox":[256,329,91,161],"area":14651,"segmentation":[],"iscrowd":0},{"id":364,"image_id":68,"category_id":3,"bbox":[458,234,88.5,129.5],"area":11460.75,"segmentation":[],"iscrowd":0},{"id":365,"image_id":69,"category_id":3,"bbox":[60,87,147,240.5],"area":35353.5,"segmentation":[],"iscrowd":0},{"id":366,"image_id":69,"category_id":3,"bbox":[299,145,115.5,213],"area":24601.5,"segmentation":[],"iscrowd":0},{"id":367,"image_id":69,"category_id":3,"bbox":[190,368,112,209],"area":23408,"segmentation":[],"iscrowd":0},{"id":368,"image_id":70,"category_id":3,"bbox":[352,102,177.5,102],"area":18105,"segmentation":[],"iscrowd":0},{"id":369,"image_id":70,"category_id":3,"bbox":[144,202,166,94.5],"area":15687,"segmentation":[],"iscrowd":0},{"id":370,"image_id":70,"category_id":5,"bbox":[350,287,188.5,93],"area":17530.5,"segmentation":[],"iscrowd":0},{"id":371,"image_id":70,"category_id":5,"bbox":[215,344,152,100.5],"area":15276,"segmentation":[],"iscrowd":0},{"id":372,"image_id":70,"category_id":6,"bbox":[381,430,158.5,87],"area":13789.5,"segmentation":[],"iscrowd":0}]}